{"A1": [[1218.0, 819.0], [1300.0, 823.0], [1215.5191650390625, 902.3963012695312], [1298.038330078125, 906.5]], "A2": [[1215.5191650390625, 735.6036987304688], [1298.038330078125, 739.5], [1218.0, 819.0], [1300.0, 823.0]], "A3": [[1211.9888916015625, 653.2128295898438], [1293.9910888671875, 654.51513671875], [1215.5191650390625, 735.6036987304688], [1298.038330078125, 739.5]], "A4": [[1210.8505859375, 566.6494750976562], [1295.201171875, 572.0], [1211.9888916015625, 653.2128295898438], [1293.9910888671875, 654.51513671875]], "A5": [[1207.35888671875, 481.22259521484375], [1292.841796875, 484.8726501464844], [1210.8505859375, 566.6494750976562], [1295.201171875, 572.0]], "A6": [[1205.9010009765625, 397.4035949707031], [1291.7747802734375, 400.027099609375], [1207.35888671875, 481.22259521484375], [1292.841796875, 484.8726501464844]], "A7": [[1201.23486328125, 309.01409912109375], [1285.4697265625, 313.5], [1205.9010009765625, 397.4035949707031], [1291.7747802734375, 400.027099609375]], "A8": [[1205.9010009765625, 220.62460327148438], [1291.7747802734375, 226.972900390625], [1201.23486328125, 309.01409912109375], [1285.4697265625, 313.5]], "B1": [[1136.0, 823.0], [1218.0, 819.0], [1133.0, 906.5], [1215.5191650390625, 902.3963012695312]], "B2": [[1133.0, 739.5], [1215.5191650390625, 735.6036987304688], [1136.0, 823.0], [1218.0, 819.0]], "B3": [[1129.9866943359375, 654.51513671875], [1211.9888916015625, 653.2128295898438], [1133.0, 739.5], [1215.5191650390625, 735.6036987304688]], "B4": [[1126.5, 572.0], [1210.8505859375, 566.6494750976562], [1129.9866943359375, 654.51513671875], [1211.9888916015625, 653.2128295898438]], "B5": [[1121.8759765625, 484.8726501464844], [1207.35888671875, 481.22259521484375], [1126.5, 572.0], [1210.8505859375, 566.6494750976562]], "B6": [[1120.0272216796875, 400.027099609375], [1205.9010009765625, 397.4035949707031], [1121.8759765625, 484.8726501464844], [1207.35888671875, 481.22259521484375]], "B7": [[1117.0, 313.5], [1201.23486328125, 309.01409912109375], [1120.0272216796875, 400.027099609375], [1205.9010009765625, 397.4035949707031]], "B8": [[1120.0272216796875, 226.972900390625], [1205.9010009765625, 220.62460327148438], [1117.0, 313.5], [1201.23486328125, 309.01409912109375]], "C1": [[1053.5, 826.5], [1136.0, 823.0], [1050.0001220703125, 910.0], [1133.0, 906.5]], "C2": [[1050.0001220703125, 743.0], [1133.0, 739.5], [1053.5, 826.5], [1136.0, 823.0]], "C3": [[1046.5, 658.0], [1129.9866943359375, 654.51513671875], [1050.0001220703125, 743.0], [1133.0, 739.5]], "C4": [[1043.4693603515625, 574.9514770507812], [1126.5, 572.0], [1046.5, 658.0], [1129.9866943359375, 654.51513671875]], "C5": [[1039.5, 489.5], [1121.8759765625, 484.8726501464844], [1043.4693603515625, 574.9514770507812], [1126.5, 572.0]], "C6": [[1035.1644287109375, 402.03204345703125], [1120.0272216796875, 400.027099609375], [1039.5, 489.5], [1121.8759765625, 484.8726501464844]], "C7": [[1032.5, 316.5], [1117.0, 313.5], [1035.1644287109375, 402.03204345703125], [1120.0272216796875, 400.027099609375]], "C8": [[1035.1644287109375, 230.96795654296875], [1120.0272216796875, 226.972900390625], [1032.5, 316.5], [1117.0, 313.5]], "D1": [[970.2881469726562, 828.9783325195312], [1053.5, 826.5], [967.5, 910.9566650390625], [1050.0001220703125, 910.0]], "D2": [[967.5, 747.0], [1050.0001220703125, 743.0], [970.2881469726562, 828.9783325195312], [1053.5, 826.5]], "D3": [[965.1256713867188, 663.1256713867188], [1046.5, 658.0], [967.5, 747.0], [1050.0001220703125, 743.0]], "D4": [[958.1098022460938, 577.5514526367188], [1043.4693603515625, 574.9514770507812], [965.1256713867188, 663.1256713867188], [1046.5, 658.0]], "D5": [[956.655029296875, 493.6550598144531], [1039.5, 489.5], [958.1098022460938, 577.5514526367188], [1043.4693603515625, 574.9514770507812]], "D6": [[951.583740234375, 408.73223876953125], [1035.1644287109375, 402.03204345703125], [956.655029296875, 493.6550598144531], [1039.5, 489.5]], "D7": [[950.125732421875, 321.12567138671875], [1032.5, 316.5], [951.583740234375, 408.73223876953125], [1035.1644287109375, 402.03204345703125]], "D8": [[951.583740234375, 233.51910400390625], [1035.1644287109375, 230.96795654296875], [950.125732421875, 321.12567138671875], [1032.5, 316.5]], "E1": [[888.4523315429688, 835.8760986328125], [970.2881469726562, 828.9783325195312], [883.5, 921.252197265625], [967.5, 910.9566650390625]], "E2": [[883.5, 750.5], [967.5, 747.0], [888.4523315429688, 835.8760986328125], [970.2881469726562, 828.9783325195312]], "E3": [[880.4330444335938, 664.1029663085938], [965.1256713867188, 663.1256713867188], [883.5, 750.5], [967.5, 747.0]], "E4": [[876.423583984375, 580.3616333007812], [958.1098022460938, 577.5514526367188], [880.4330444335938, 664.1029663085938], [965.1256713867188, 663.1256713867188]], "E5": [[871.5, 497.0], [956.655029296875, 493.6550598144531], [876.423583984375, 580.3616333007812], [958.1098022460938, 577.5514526367188]], "E6": [[866.874267578125, 409.8743591308594], [951.583740234375, 408.73223876953125], [871.5, 497.0], [956.655029296875, 493.6550598144531]], "E7": [[864.5, 324.5], [950.125732421875, 321.12567138671875], [866.874267578125, 409.8743591308594], [951.583740234375, 408.73223876953125]], "E8": [[866.874267578125, 239.12564086914062], [951.583740234375, 233.51910400390625], [864.5, 324.5], [950.125732421875, 321.12567138671875]], "F1": [[804.6503295898438, 839.2340087890625], [888.4523315429688, 835.8760986328125], [800.9998779296875, 924.46826171875], [883.5, 921.252197265625]], "F2": [[800.9998779296875, 753.999755859375], [883.5, 750.5], [804.6503295898438, 839.2340087890625], [888.4523315429688, 835.8760986328125]], "F3": [[796.4913330078125, 669.9949340820312], [880.4330444335938, 664.1029663085938], [800.9998779296875, 753.999755859375], [883.5, 750.5]], "F4": [[791.9686889648438, 585.4244995117188], [876.423583984375, 580.3616333007812], [796.4913330078125, 669.9949340820312], [880.4330444335938, 664.1029663085938]], "F5": [[788.5, 501.0], [871.5, 497.0], [791.9686889648438, 585.4244995117188], [876.423583984375, 580.3616333007812]], "F6": [[786.2254638671875, 413.5664367675781], [866.874267578125, 409.8743591308594], [788.5, 501.0], [871.5, 497.0]], "F7": [[780.0, 328.0], [864.5, 324.5], [786.2254638671875, 413.5664367675781], [866.874267578125, 409.8743591308594]], "F8": [[786.2254638671875, 242.43356323242188], [866.874267578125, 239.12564086914062], [780.0, 328.0], [864.5, 324.5]], "G1": [[723.6279907226562, 840.3721313476562], [804.6503295898438, 839.2340087890625], [718.0, 922.7442626953125], [800.9998779296875, 924.46826171875]], "G2": [[718.0, 758.0], [800.9998779296875, 753.999755859375], [723.6279907226562, 840.3721313476562], [804.6503295898438, 839.2340087890625]], "G3": [[713.5775756835938, 672.9441528320312], [796.4913330078125, 669.9949340820312], [718.0, 758.0], [800.9998779296875, 753.999755859375]], "G4": [[708.8507080078125, 588.9489135742188], [791.9686889648438, 585.4244995117188], [713.5775756835938, 672.9441528320312], [796.4913330078125, 669.9949340820312]], "G5": [[705.5025634765625, 504.26898193359375], [788.5, 501.0], [708.8507080078125, 588.9489135742188], [791.9686889648438, 585.4244995117188]], "G6": [[700.0, 419.0], [786.2254638671875, 413.5664367675781], [705.5025634765625, 504.26898193359375], [788.5, 501.0]], "G7": [[696.12841796875, 331.888916015625], [780.0, 328.0], [700.0, 419.0], [786.2254638671875, 413.5664367675781]], "G8": [[700.0, 244.77783203125], [786.2254638671875, 242.43356323242188], [696.12841796875, 331.888916015625], [780.0, 328.0]], "H1": [[642.6056518554688, 841.51025390625], [723.6279907226562, 840.3721313476562], [635.0001220703125, 924.46826171875], [718.0, 922.7442626953125]], "H2": [[635.0001220703125, 762.000244140625], [718.0, 758.0], [642.6056518554688, 841.51025390625], [723.6279907226562, 840.3721313476562]], "H3": [[630.663818359375, 675.8933715820312], [713.5775756835938, 672.9441528320312], [635.0001220703125, 762.000244140625], [718.0, 758.0]],